Raytheon Women in Aviation Scholarship ,,20000,commercial,airline transport,mechanic,flight engineer,dispatcher
HAI Initial Helicopter Scholarship,,1000,private,,,,
Capt. Sara Knutson Cullen Memorial Scholarship,,2000,private,,,,
American Airlines Aircraft Maintenance Technician Scholarship,,5000,mechanic,repairman,,,
ATP General Aviation Maintenance Scholarship,,1000,mechanic,repairman,,,
Delta Air Lines Engine Maintenance Internship,,12000,mechanic,repairman,engineer,,
FAA Aircraft Dispatcher Certification Course,,3000,dispatcher,,,,
Southwest Airlines Dispatch Certification Scholarship New 2018,,5000,dispatcher,,,,
American Airlines Engineering Scholarship,,5000,engineering,,,,
Bunny M. Connors Memorial Scholarship,,1500,student,private,commercial,,
L3 Commercial Training Solutions ATP CTP Scholarship,,4995,commercial,airline transport,,,
